name,address,phone,type,district,latitude,longitude,city_center_latitude,city_center_longitude,location_precision
Amraiwadi PS,"Near Jogni Mata Mandir, Amraiwadi, Ahmedabad - 380026",079-22770280,police,Ahmedabad,23.030596,72.593139,23.0215374,72.5800568,city
Anandnagar PS,"Shivranjani Cross Rd, Beside Umiya Vijay Complex, Ahmedabad - 380015",079-26762250,police,Ahmedabad,23.016843,72.586913,23.0215374,72.5800568,city
Bapunagar PS,"Lalbahadur Shastri Road, Near Garibnagar, Bapunagar, Ahmedabad - 380024",079-22700585,police,Ahmedabad,23.015742,72.567628,23.0215374,72.5800568,city
Bodakdev PS,"Judges Bungalow Road, Bodakdev, Ahmedabad - 380054",079-26870000,police,Ahmedabad,23.016607,72.56393,23.0215374,72.5800568,city
Chandkheda PS,"ONGC Quarters, Subhash Nagar, IOC Road, Ahmedabad - 382424",079-23291275,police,Ahmedabad,23.027664,72.565265,23.0215374,72.5800568,city
Danilimda PS,"Near Babunagar, Danilimda Cross Road, Ahmedabad - 382405",079-25320153,police,Ahmedabad,23.03049,72.591937,23.0215374,72.5800568,city
Dariyapur PS,"Prem Darwaja Char Rasta, Dariyapur, Ahmedabad - 380001",079-22161913,police,Ahmedabad,23.013051,72.584418,23.0215374,72.5800568,city
Ellisbridge PS,"Ashram Road, Opposite M J Library, Ellisbridge, Ahmedabad - 380006",079-26578202,police,Ahmedabad,23.030694,72.583371,23.0215374,72.5800568,city
Gayakvad Haveli PS,"Gayakvad Haveli, Jamalpur, Raikhad, Ahmedabad - 380001",079-25392647,police,Ahmedabad,23.023768,72.594141,23.0215374,72.5800568,city
Ghatlodiya PS,"Behind Chandni Apartment, Sola Road, Ghatlodia, Ahmedabad - 380061",079-27489127,police,Ahmedabad,23.03051,72.58185,23.0215374,72.5800568,city
Gomtipur PS,"Near Shital Cinema, Patel Mill Compound, Gomtipur, Ahmedabad - 380021",079-22741921,police,Ahmedabad,23.008132,72.574004,23.0215374,72.5800568,city
Gujarat University PS,"Ground Floor PRL Qrts, LD Engg College Lane, Navrangpura, Ahmedabad - 380009",079-26305478,police,Ahmedabad,23.015739,72.594408,23.0215374,72.5800568,city
Isanpur PS,"Bhairavnath Isanpur Road, Isanpur, Ahmedabad - 382443",079-25430180,police,Ahmedabad,23.032991,72.595937,23.0215374,72.5800568,city
Kagdapith PS,"Opposite New Cloth Market, Raipur Gate, Kalupur, Ahmedabad - 380002",079-25454446,police,Ahmedabad,23.018065,72.574066,23.0215374,72.5800568,city
Kalupur PS,"Relief Road, Dhanasuthar Char Rasta, Kalupur, Ahmedabad - 380002",079-22122870,police,Ahmedabad,23.008685,72.592776,23.0215374,72.5800568,city
Karanj PS,"Karanj Bhavan, Bhadra Fort, Lal Darwaja, Ahmedabad - 380001",079-25507580,police,Ahmedabad,23.017699,72.5856,23.0215374,72.5800568,city
Khadiya PS,"Near Raipur Gate, Astodia, Ahmedabad - 380001",079-22142828,police,Ahmedabad,23.009855,72.59556,23.0215374,72.5800568,city
Khokhra PS,"Khokhra Circle, Near Anupam Cinema, Ahmedabad - 380008",079-22761168,police,Ahmedabad,23.031343,72.596972,23.0215374,72.5800568,city
Krishnanagar PS,"Krishnanagar Main Road, Naroda, Ahmedabad - 382345",079-22821451,police,Ahmedabad,23.017952,72.59248,23.0215374,72.5800568,city
Madhavpura PS,"Mehdi Kuva Cross Road, Madhupura, Ahmedabad - 380004",079-25628694,police,Ahmedabad,23.029829,72.586892,23.0215374,72.5800568,city
Mahila PS (East/West),"Mithakhali Circle, Juna Karanj, Bhadra, Ahmedabad - 380001",079-26303702,police,Ahmedabad,23.003856,72.586597,23.0215374,72.5800568,city
Maninagar PS,"Rambaug Road, Opp. Fire Brigade, Maninagar, Ahmedabad - 380008",079-25460089,police,Ahmedabad,23.032084,72.575094,23.0215374,72.5800568,city
Meghaninagar PS,"Mental Hospital Compound, Meghaninagar, Ahmedabad - 380016",079-22681555,police,Ahmedabad,23.032267,72.576362,23.0215374,72.5800568,city
Naranpura PS,"Opposite Post Office, Naranpura Part-2, Ahmedabad - 380013",079-27472043,police,Ahmedabad,23.016618,72.563342,23.0215374,72.5800568,city
Naroda PS,"Near AMTS Bus Stand, Naroda Highway, Ahmedabad - 382330",079-22821480,police,Ahmedabad,23.033173,72.573148,23.0215374,72.5800568,city
Navrangpura PS,"Near Bus Stop, Navrangpura Road, Zone-1, Ahmedabad - 380009",079-26463568,police,Ahmedabad,23.008436,72.569218,23.0215374,72.5800568,city
Nikol PS,"Nikol-Naroda Road, Nikol, Ahmedabad - 382350",079-29292647,police,Ahmedabad,23.003064,72.580186,23.0215374,72.5800568,city
Odhav PS,"Near Adinath Nagar, GIDC, Odhav, Ahmedabad - 382415",079-22971718,police,Ahmedabad,23.017514,72.575363,23.0215374,72.5800568,city
Paldi PS,"Khadigrama Udhoyg Bhavan, Paldi, Ahmedabad - 380007",079-26645300,police,Ahmedabad,23.012313,72.572772,23.0215374,72.5800568,city
Rakhiyal PS,"Near Gomtipur, Rakhial Road, Ahmedabad - 380025",079-22733600,police,Ahmedabad,23.03903,72.574709,23.0215374,72.5800568,city
Ramol PS,"Ramol Road, Opposite Ramol Police Station, Ramol, Ahmedabad - 382449",079-25850300,police,Ahmedabad,23.01425,72.591109,23.0215374,72.5800568,city
Ranip PS,"Near Gayatri School, Ranip, Ahmedabad - 382480",079-27551010,police,Ahmedabad,23.010554,72.588546,23.0215374,72.5800568,city
Sabarmati PS,"Near Sabarmati Railway Station, Sabarmati, Ahmedabad - 380005",079-27517166,police,Ahmedabad,23.032507,72.586441,23.0215374,72.5800568,city
Sardarnagar PS,"Near Airport, Sardar Nagar, Ambawadi, Ahmedabad - 382475",079-22864345,police,Ahmedabad,23.022416,72.570401,23.0215374,72.5800568,city
Satellite PS,"Ramdevnagar Cross Road, Satellite, Ahmedabad - 380015",079-26860333,police,Ahmedabad,23.025931,72.585994,23.0215374,72.5800568,city
Shaherkotda PS,"Saraspur, Shaherkotda, Ahmedabad - 380018",079-22926338,police,Ahmedabad,23.031581,72.57772,23.0215374,72.5800568,city
Shahibaug PS,"Near Shahibaug Underbridge, Shahibaug, Ahmedabad - 380004",079-22868025,police,Ahmedabad,23.023895,72.598987,23.0215374,72.5800568,city
Shahpur PS,"Shahpur Bahai Centre, Shahpur, Ahmedabad - 380001",079-25600545,police,Ahmedabad,23.015721,72.594823,23.0215374,72.5800568,city
Sola High Court PS,"SG Highway, Opp Bhagwat Vidyapith, Sola, Ahmedabad - 380060",079-27664590,police,Ahmedabad,23.009196,72.579949,23.0215374,72.5800568,city
Vadaj PS,"Vadaj Akhbar Nagar Road, Naranpura Vistar, Ahmedabad - 380013",079-27644949,police,Ahmedabad,23.035313,72.575448,23.0215374,72.5800568,city
Vastrapur PS,"Thaltej Road, Near SAL Hospital, Vastrapur, Ahmedabad - 380015",079-26851902,police,Ahmedabad,23.019947,72.565421,23.0215374,72.5800568,city
Vatva PS,"Near Golden Talkies, Vatva, Ahmedabad - 382440",079-25710074,police,Ahmedabad,23.019468,72.587946,23.0215374,72.5800568,city
Vatva GIDC PS,"Phase-1, Near Bombay Conductor, Vatva GIDC, Ahmedabad - 382445",079-25830004,police,Ahmedabad,23.014668,72.593896,23.0215374,72.5800568,city
Vejalpur PS,"Near APMC Market, Vishala Circle, Vejalpur, Ahmedabad - 380051",079-26810614,police,Ahmedabad,23.028286,72.580873,23.0215374,72.5800568,city
Sarkhej PS,"Near Dholka Circle, Sarkhej, Ahmedabad - 382210",079-26821385,police,Ahmedabad,23.025161,72.575014,23.0215374,72.5800568,city
Sabarmati Riverfront PS,"Riverfront Road (East/West Units), Ahmedabad - 380009",079-25600403,police,Ahmedabad,23.032413,72.567187,23.0215374,72.5800568,city
DCB Crime Branch,"Gayakwadi Haveli, Jamalpur, Ahmedabad - 380001",079-25398549,police,Ahmedabad,23.015035,72.580924,23.0215374,72.5800568,city
Adajan PS,"Behind Gangeshwar Mahadev Temple, Honey Park Rd, Surat - 395009",0261-2732674,police,Surat,21.205165,72.818073,21.2094892,72.8317058,city
Amroli PS,"Near Kosad Fire Station, Amroli, Surat - 394107",0261-2497700,police,Surat,21.20455,72.824355,21.2094892,72.8317058,city
Athwalines PS,"Kamal Street, Chowk Cross Road, Athwalines, Surat - 395001",0261-2463827,police,Surat,21.21011,72.822352,21.2094892,72.8317058,city
Chowk Bazar PS,"Main Road, Chowk Bazar, Surat - 395003",0261-2424185,police,Surat,21.192712,72.823231,21.2094892,72.8317058,city
Dindoli PS,"Dindoli Main Road, Surat - 394210",0261-2279100,police,Surat,21.205127,72.841235,21.2094892,72.8317058,city
Dumas PS,"Sultanabad, Dumas, Surat - 394550",0261-2251010,police,Surat,21.19629,72.829283,21.2094892,72.8317058,city
Ichhapore PS,"Hazira - Adajan Road, Ichhapore, Surat - 394510",0261-2893800,police,Surat,21.206528,72.820577,21.2094892,72.8317058,city
Kapodra PS,"Spinning Mill Three Road, Beside Fire Brigade, Kapodra, Surat - 395006",0261-2577579,police,Surat,21.212589,72.842375,21.2094892,72.8317058,city
Katargam PS,"Paras Road, Beside Cooperative Bank, Katargam, Surat - 395004",0261-2532535,police,Surat,21.195164,72.822754,21.2094892,72.8317058,city
Khatodara PS,"Opposite Jogani Mata Temple, Udhna Canal, Khatodara, Surat - 395002",0261-2633800,police,Surat,21.21455,72.850592,21.2094892,72.8317058,city
Limbayat PS,"Near Maruti Circle, Limbayat, Surat - 395012",0261-2277001,police,Surat,21.206796,72.838508,21.2094892,72.8317058,city
Mahidharpura PS,"Sindhi Market, Begampura, Tower Road, Surat - 395003",0261-2422163,police,Surat,21.191083,72.829966,21.2094892,72.8317058,city
Pandesara PS,"Bhagubhai Cross Road, Pandesara GIDC, Surat - 394221",0261-2891100,police,Surat,21.219695,72.836794,21.2094892,72.8317058,city
Rander PS,"Rander Road, Surat - 395005",0261-2766000,police,Surat,21.209599,72.822724,21.2094892,72.8317058,city
Salabatpura PS,"Ring Road, Opposite Circle, Salabatpura, Surat - 395003",0261-2331100,police,Surat,21.221978,72.818591,21.2094892,72.8317058,city
Sarthana PS,"Near Vraj Chowk, Sarthana, Surat - 395006",0261-2575500,police,Surat,21.194044,72.839306,21.2094892,72.8317058,city
Sachin PS,"Surat-Navsari Road, Sachin, Surat - 394230",0261-2397100,police,Surat,21.228292,72.8356,21.2094892,72.8317058,city
Udhna PS,"Road No 1, Udhna, Surat - 394210",0261-2278100,police,Surat,21.203927,72.837021,21.2094892,72.8317058,city
Umra PS,"Opposite Police Head Quarter, Athwalines, Surat - 395007",0261-2228800,police,Surat,21.20562,72.847458,21.2094892,72.8317058,city
Varachha PS,"Varachha Road, Beside Warehouse, Surat - 395006",0261-2544496,police,Surat,21.215812,72.830442,21.2094892,72.8317058,city
Lalget PS,"Lalget Area, Surat - 395003",0261-2402200,police,Surat,21.210868,72.842772,21.2094892,72.8317058,city
Puna Patiya PS,"Puna Kumbharia Road, Surat - 395010",0261-2472067,police,Surat,21.219367,72.831171,21.2094892,72.8317058,city
Bhestan PS,"Bhestan Railway Station Area, Surat - 395023",0261-2479235,police,Surat,21.207047,72.838379,21.2094892,72.8317058,city
Surat Mahila PS,"Umra PS Building, Maa Thakur Bhai Desai Marg, Surat - 395001",0261-2669494,police,Surat,21.206877,72.818514,21.2094892,72.8317058,city
Raopura PS,"Near Jubilee Baug, Raopura, Vadodara - 390001",0265-2433000,police,Vadodara,22.291171,73.188744,22.2973142,73.1942567,city
Sayajigunj PS,"Behind Railway Station, Sayajigunj, Vadodara - 390020",0265-2361000,police,Vadodara,22.282358,73.201422,22.2973142,73.1942567,city
Karelibaug PS,"Water Works Road, Karelibaug, Vadodara - 390018",0265-2481000,police,Vadodara,22.297612,73.200347,22.2973142,73.1942567,city
Panigate PS,"Panigate Road, Opp Jamnabai Hospital, Mandvi, Vadodara - 390006",0265-2571211,police,Vadodara,22.291722,73.176943,22.2973142,73.1942567,city
Wadi PS,"Wadi Tower Road, Vadodara - 390017",0265-2581000,police,Vadodara,22.298393,73.177105,22.2973142,73.1942567,city
Navapura PS,"Khanderao Market Cross Rd, Navapura, Vadodara - 390001",0265-2411000,police,Vadodara,22.315884,73.189316,22.2973142,73.1942567,city
Makarpura PS,"Makarpura Main Road, GIDC, Vadodara - 390010",0265-2641000,police,Vadodara,22.295621,73.212512,22.2973142,73.1942567,city
Manjalpur PS,"Eva Mall Road, Manjalpur, Vadodara - 390011",0265-2651000,police,Vadodara,22.306391,73.195291,22.2973142,73.1942567,city
Gotri PS,"Gotri Main Road, Vadodara - 390021",0265-2371000,police,Vadodara,22.288751,73.191639,22.2973142,73.1942567,city
Jawaharnagar PS,"Gujarat Refinery Area, Jawaharnagar, Vadodara - 391320",0265-2231000,police,Vadodara,22.307428,73.209195,22.2973142,73.1942567,city
Chhani PS,"Chhani Jakat Naka, Chhani, Vadodara - 391740",0265-2771000,police,Vadodara,22.291576,73.200497,22.2973142,73.1942567,city
Gorwa PS,"Gorwa Industrial Area, Vadodara - 390016",0265-2281000,police,Vadodara,22.308194,73.191745,22.2973142,73.1942567,city
JP Road PS,"J P Road, Old Padra Road, Vadodara - 390015",0265-2351000,police,Vadodara,22.304023,73.204432,22.2973142,73.1942567,city
Bapod PS,"Ajwa Road, Bapod, Vadodara - 390019",0265-2511000,police,Vadodara,22.30906,73.196604,22.2973142,73.1942567,city
Laxmipura PS,"Gotri-Subhanpura Road, Vadodara - 390023",0265-2391000,police,Vadodara,22.295485,73.175255,22.2973142,73.1942567,city
Harni PS,"Harni Airport Road, Vadodara - 390022",0265-2491000,police,Vadodara,22.292059,73.206285,22.2973142,73.1942567,city
Akota PS,"Akota Stadium Road, Akota, Vadodara - 390020",0265-2331000,police,Vadodara,22.284491,73.183304,22.2973142,73.1942567,city
A Division PS,"Next to Khadi Bhandar, Trikon Bagh, Dhebar Rd, Rajkot - 360001",0281-2222233,police,Rajkot,22.288223,70.807357,22.3053263,70.8028377,city
B Division PS,"Pedak Road, Satellite Chowk, Opp Atal Auditorium, Rajkot - 360003",0281-2233344,police,Rajkot,22.2895,70.810867,22.3053263,70.8028377,city
Bhaktinagar PS,"Kotharia Road, Opposite Nilkanth Cinema, Rajkot - 360002",0281-2361000,police,Rajkot,22.319827,70.797038,22.3053263,70.8028377,city
Thorala PS,"Main Road, Bhavnagar Road, Chunara Chowk, Rajkot - 360003",0281-2381000,police,Rajkot,22.31287,70.805333,22.3053263,70.8028377,city
Kuvadava Road PS,"Kuwadwa Road Highway, Rajkot - 360003",0281-2241000,police,Rajkot,22.320339,70.805539,22.3053263,70.8028377,city
Aji Dam PS,"Kotharia Road, Near Ranuja Temple, Rajkot - 360002",0281-2371000,police,Rajkot,22.316926,70.800855,22.3053263,70.8028377,city
Airport Bamanbor PS,"Rajkot-Ahmedabad Highway, Bamanbor Area, Rajkot - 360006",0281-2451000,police,Rajkot,22.301688,70.786428,22.3053263,70.8028377,city
Pradhyuman Nagar PS,"Kashi Vishwanath Plot, Opp Dharam Cinema, Rajkot - 360001",0281-2441000,police,Rajkot,22.30053,70.797922,22.3053263,70.8028377,city
Gandhigram PS,"150 Feet Ring Road, Opp Sterling Hospital, Rajkot - 360007",0281-2571000,police,Rajkot,22.309852,70.819968,22.3053263,70.8028377,city
Gandhigram-2 (Univ) PS,"Munjka, Near Saurashtra University, Rajkot - 360005",0281-2581000,police,Rajkot,22.300605,70.786153,22.3053263,70.8028377,city
Malaviya Nagar PS,"Mavdi Main Road, Alka Society, Chandreshnagar, Rajkot - 360004",0281-2391000,police,Rajkot,22.30805,70.819111,22.3053263,70.8028377,city
Rajkot Taluka PS,"Jamnagar Road, Opposite Pathikashram, Rajkot - 360001",0281-2471000,police,Rajkot,22.313633,70.790751,22.3053263,70.8028377,city
Rajkot Mahila PS,"Racecourse Ring Road, Police Head Quarters, Rajkot - 360001",0281-2459888,police,Rajkot,22.3105,70.799037,22.3053263,70.8028377,city
Lodhavad PS,"Vijay Plot, Bhaktinagar, Rajkot - 360002",0281-2465355,police,Rajkot,22.294456,70.806286,22.3053263,70.8028377,city
Shapar Veraval PS,"Shapar Veraval Industrial Area, Rajkot - 360024",02827-252250,police,Rajkot,22.296645,70.78535,22.3053263,70.8028377,district_fallback
Jasdan PS,"Main Road, Near Highway, Jasdan, Rajkot - 360050",02821-220033,police,Rajkot,22.30319,70.81081,22.3053263,70.8028377,city
Vinchhiya PS,"Near Ajmera High School, Vinchhiya, Jasdan, Rajkot - 360050",02821-235033,police,Rajkot,22.307519,70.787035,22.3053263,70.8028377,city
Gondal PS,"National Highway No 8 A, Near AG Office, Gondal, Rajkot - 360311",02825-220100,police,Rajkot,22.309472,70.815749,22.3053263,70.8028377,city
Dhoraji City PS,"New Dhoraji Area, Dhoraji, Rajkot - 360410",02824-222033,police,Rajkot,22.286576,70.804149,22.3053263,70.8028377,city
Upleta PS,"Kolki Road, Near Bus Stand, Upleta, Rajkot - 360490",02826-221233,police,Rajkot,22.296532,70.807396,22.3053263,70.8028377,city
Bhayavadar PS,"Railway Station Road, Bhayavadar, Rajkot - 360450",02826-224433,police,Rajkot,22.299242,70.786122,22.3053263,70.8028377,city
Jetpur PS,"M G Road, Jetpur, Rajkot - 360370",02823-220133,police,Rajkot,22.294385,70.797828,22.3053263,70.8028377,city
Sector-7 PS,"Sector 7, Gandhinagar - 382007",079-23210108,police,Gandhinagar,23.241848,72.648579,23.2232877,72.6492267,city
Sector-21 PS,"Sector 21, Gandhinagar - 382021",6359624905,police,Gandhinagar,23.217624,72.640862,23.2232877,72.6492267,city
Infocity PS,"Infocity Campus, GH Road, Gandhinagar - 382007",6359624921,police,Gandhinagar,23.238264,72.637776,23.2232877,72.6492267,city
Adalaj PS,"Near Trimandir, SG Highway, Adalaj, Gandhinagar - 382421",6359624942,police,Gandhinagar,23.234373,72.656564,23.2232877,72.6492267,city
Pethapur PS,"Pethapur Town, Gandhinagar - 382610",6359624939,police,Gandhinagar,23.23791,72.644784,23.2232877,72.6492267,city
Kalol City PS,"Navjivan Mill Compound, Kalol, Gandhinagar - 382721",6359624956,police,Gandhinagar,23.239063,72.653454,23.2232877,72.6492267,city
Kalol Taluka PS,"Highway Road, Kalol, Gandhinagar - 382721",6359624967,police,Gandhinagar,23.243179,72.647591,23.2232877,72.6492267,city
Santej PS,"Santej Industrial Area, Kalol, Gandhinagar - 382721",6359624970,police,Gandhinagar,23.223736,72.642977,23.2232877,72.6492267,city
Chiloda PS,"Chiloda Circle, NH-8, Gandhinagar - 382355",6359624924,police,Gandhinagar,23.230486,72.647338,23.2232877,72.6492267,city
Dehgam PS,"Near Station Road, Dehgam, Gandhinagar - 382305",6359624932,police,Gandhinagar,23.21369,72.661601,23.2232877,72.6492267,city
Mansa PS,"Near Bus Stand, Mansa, Gandhinagar - 382845",6359624954,police,Gandhinagar,23.228182,72.644349,23.2232877,72.6492267,city
Dabhoda PS,"Dabhoda Village, Gandhinagar - 382355",6359624929,police,Gandhinagar,23.219555,72.635769,23.2232877,72.6492267,city
Gandhinagar Mahila PS,"SP Office Compound, Gandhinagar - 382028",6359626248,police,Gandhinagar,23.21675,72.667386,23.2232877,72.6492267,city
Gandhinagar Traffic PS,"SP Office Compound, Gandhinagar - 382028",9913737372,police,Gandhinagar,23.220002,72.639349,23.2232877,72.6492267,city
Bhavnagar A Div PS,"42 Jail Road, Near Fatima Convent School, Bhavnagar - 364001",0278-2521250,police,Bhavnagar,21.774997,72.14891,21.7718836,72.1416449,city
Bhavnagar B Div PS,"Ghogha Circle, Ambawadi, Krishna Nagar, Bhavnagar - 364001",0278-2572344,police,Bhavnagar,21.785287,72.141364,21.7718836,72.1416449,city
Bhavnagar C Div PS,"Nawa Para, Bhavnagar - 364001",0278-2523450,police,Bhavnagar,21.783039,72.149427,21.7718836,72.1416449,city
Bhavnagar D Div PS,"Near RTO Circle, Shastrinagar, Bhavnagar - 364001",0278-2521851,police,Bhavnagar,21.779224,72.132215,21.7718836,72.1416449,city
Bharatnagar PS,"Maruti Nagar, Bharatnagar, Bhavnagar - 364002",0278-2561292,police,Bhavnagar,21.771695,72.148398,21.7718836,72.1416449,city
Rupani PS,"Rupani Rd, Sardar Nagar, Bhavnagar - 364001",0278-2422000,police,Bhavnagar,21.785746,72.137748,21.7718836,72.1416449,city
Bordigate PS,"Mokhla Circle, Bordi Gate, Krishna Nagar, Bhavnagar - 364005",0278-2206545,police,Bhavnagar,21.77502,72.160589,21.7718836,72.1416449,city
Takhteshwar PS,"Atabhai Road, Pragati Nagar, Navapara, Bhavnagar - 364001",0278-2512000,police,Bhavnagar,21.779666,72.148152,21.7718836,72.1416449,city
Alka PS,"Shelarasha Road, Madhia, Kumbharwada, Bhavnagar - 364001",0278-2432000,police,Bhavnagar,21.753642,72.137801,21.7718836,72.1416449,city
Bhavnagar Mahila PS,"Nawa Para, Bhavnagar - 364001",0278-2518094,police,Bhavnagar,21.765303,72.126438,21.7718836,72.1416449,city
Vartej PS,"Main Bazar, Vartej, Bhavnagar - 364060",0278-2541633,police,Bhavnagar,21.766264,72.155146,21.7718836,72.1416449,city
Kaliyabid PS,"Bhagwati Circle, Kaliyabid, Bhavnagar - 364002",0278-2562000,police,Bhavnagar,21.77675,72.124448,21.7718836,72.1416449,city
Ruwapari Gate PS,"Diwanpara Rd, Vora Bazar, Bhavnagar - 364001",0278-2412000,police,Bhavnagar,21.757482,72.145316,21.7718836,72.1416449,city
Bortalav PS,"1 Bortalav Lake Area, Bhavnagar - 364002",0278-2521851,police,Bhavnagar,21.765013,72.144505,21.7718836,72.1416449,city
Nilambagh PS,"Jail Road, Devbagh, Bhavnagar - 364002",0278-2521250,police,Bhavnagar,21.779157,72.130184,21.7718836,72.1416449,city
Ghogha Gate PS,"Gangajaliya Talav Rd, Khargate, Darbargadh, Bhavnagar - 364001",0278-2513000,police,Bhavnagar,21.767929,72.135291,21.7718836,72.1416449,city
Tana PS,"Tana Road, Sihor, Bhavnagar - 364240",02846-222033,police,Bhavnagar,21.756896,72.153355,21.7718836,72.1416449,city
Sihor PS,"Rajkot Main Road, Near Vadla Circle, Sihor, Bhavnagar - 364240",02846-222200,police,Bhavnagar,21.762506,72.151458,21.7718836,72.1416449,city
Songadh PS,"Near Dist Co-Op Bank, Songadh, Sihor, Bhavnagar - 364240",02846-224400,police,Bhavnagar,21.782252,72.138769,21.7718836,72.1416449,city
Mahuva PS,"Station Road, Mahuva, Bhavnagar - 364290",02844-222100,police,Bhavnagar,21.766983,72.1251,21.7718836,72.1416449,city
Bagdana PS,"Bagdana Village, Bhavnagar - 364210",02844-245233,police,Bhavnagar,21.770448,72.133247,21.7718836,72.1416449,city
Alang Marine PS,"Alang Shipbreaking Yard, Bhavnagar - 364081",02842-235233,police,Bhavnagar,21.762531,72.155051,21.7718836,72.1416449,city
Botad PS,"Bharvad Vado, Botad, Bhavnagar - 364710",02849-252033,police,Bhavnagar,21.766682,72.144636,21.7718836,72.1416449,city
Bhuj A Div PS,"Near Jubeli Circle, Bhuj, Kachchh - 370001",02832-253050,police,Kachchh,23.577873,69.988449,23.583333,70.0,city
Bhuj B Div PS,"Shekhpir Road, Bhuj, Kachchh - 370001",02832-253150,police,Kachchh,23.581032,69.98979,23.583333,70.0,city
Bhuj Womens PS,"SP Office Campus, Bhuj, Kachchh - 370001",02832-226366,police,Kachchh,23.590201,70.003997,23.583333,70.0,city
Gandhidham A Div PS,"Near Station Road, Gandhidham, Kachchh - 370201",02836-258100,police,Kachchh,23.585012,70.007451,23.583333,70.0,city
Gandhidham B Div PS,"Sector 5, Gandhidham, Kachchh - 370201",02836-233752,police,Kachchh,23.570999,69.99767,23.583333,70.0,city
Gandhidham Womens PS,"Near Sector 5, Gandhidham, Kachchh - 370201",02836-260830,police,Kachchh,23.574499,70.004063,23.583333,70.0,city
Adesar PS,"Highway Road, Adesar, Kachchh - 370155",02806-267880,police,Kachchh,23.572525,70.007072,23.583333,70.0,city
Dudhai PS,"Dudhai Village, Kachchh - 370115",02836-287232,police,Kachchh,23.589409,70.00232,23.583333,70.0,city
Samkhiyari PS,"NH 8A, Samkhiyari, Kachchh - 370150",02837-283542,police,Kachchh,23.601306,70.005052,23.583333,70.0,city
Bhachau PS,"Main Highway, Bhachau, Kachchh - 370140",02837-224036,police,Kachchh,23.580485,70.009678,23.583333,70.0,city
Kandla Marine PS,"Kandla Port Area, Kandla, Kachchh - 370210",02836-270999,police,Kachchh,23.589946,69.995722,23.583333,70.0,city
Khadir PS,"Khadir Bet, Kachchh - 370165",9825084590,police,Kachchh,23.5835,70.019187,23.583333,70.0,city
Anjar PS,"Ganga Naka, Anjar, Kachchh - 370110",02836-242517,police,Kachchh,23.568499,70.0,23.583333,70.0,city
Adipur PS,"Ward 12A, Adipur, Kachchh - 370205",02836-260615,police,Kachchh,23.588795,69.991652,23.583333,70.0,city
Lakadiya PS,"Lakadiya Village, Bhachau, Kachchh - 370145",02837-273332,police,Kachchh,23.583602,69.992675,23.583333,70.0,city
Rapar PS,"Main Road, Rapar, Kachchh - 370165",02830-220013,police,Kachchh,23.580304,70.019344,23.583333,70.0,city
Mankuva PS,"Mankuva Village, Bhuj, Kachchh - 370030",02832-275254,police,Kachchh,23.59329,70.012608,23.583333,70.0,city
Paddhar PS,"Paddhar Village, Bhuj, Kachchh - 370105",02832-270111,police,Kachchh,23.585814,69.993701,23.583333,70.0,city
Khavda PS,"Khavda Village, Bhuj, Kachchh - 370510",02803-268225,police,Kachchh,23.584993,69.992573,23.583333,70.0,city
Mundra PS,"Baroi Road, Mundra, Kachchh - 370415",02838-222121,police,Kachchh,23.598962,70.000737,23.583333,70.0,city
Mundra Marine PS,"Adani Port Area, Mundra, Kachchh - 370421",02838-224077,police,Kachchh,23.581458,70.007995,23.583333,70.0,city
Mandvi PS,"Near Port Office, Mandvi, Kachchh - 370465",02834-223008,police,Kachchh,23.589932,70.00971,23.583333,70.0,city
Mandvi Marine PS,"Coastal Highway, Mandvi, Kachchh - 370465",02834-223358,police,Kachchh,23.568305,70.009648,23.583333,70.0,city
Gadhshisha PS,"Gadhshisha Village, Mandvi, Kachchh - 370445",02834-282257,police,Kachchh,23.581376,69.986073,23.583333,70.0,city
Nakhatrana PS,"Opp Sarkari Govt Colony, Nakhatrana, Kachchh - 370615",02835-222133,police,Kachchh,23.583961,69.983652,23.583333,70.0,city
Nirona PS,"Nirona Village, Nakhatrana, Kachchh - 370675",02835-277729,police,Kachchh,23.581766,69.991939,23.583333,70.0,city
Dayapar PS,"Dayapar Village, Lakhpat, Kachchh - 370630",02839-233333,police,Kachchh,23.578406,70.007359,23.583333,70.0,city
Kothara PS,"Kothara Village, Abdasa, Kachchh - 370645",02831-282233,police,Kachchh,23.599513,69.997147,23.583333,70.0,city
Vayor PS,"Vayor Village, Abdasa, Kachchh - 370511",02831-285335,police,Kachchh,23.588208,70.00615,23.583333,70.0,city
Naliya PS,"Main Road, Naliya, Abdasa, Kachchh - 370655",02831-222122,police,Kachchh,23.591006,70.013507,23.583333,70.0,city
Narayan Sarovar PS,"Narayan Sarovar Temple Area, Kachchh - 370625",02839-266610,police,Kachchh,23.589487,70.0,23.583333,70.0,city
Jakho PS,"Jakhau Village, Abdasa, Kachchh - 370640",02831-287233,police,Kachchh,23.576206,70.003218,23.583333,70.0,city
Jakho Marine PS,"Jakhau Port, Abdasa, Kachchh - 370640",02831-287258,police,Kachchh,23.594249,70.004433,23.583333,70.0,city
Nara PS,"Nara Village, Lakhpat, Kachchh - 370625",02839-265133,police,Kachchh,23.581889,69.986024,23.583333,70.0,city
Jamnagar City A Div,"Lal Bungalow Compound, Jamnagar - 361001",0288-2550243,police,Jamnagar,22.468494,70.042165,22.4732415,70.0552102,city
Jamnagar City B Div,"Valkeshwari, Park Colony, Jamnagar - 361008",0288-2550244,police,Jamnagar,22.470536,70.063392,22.4732415,70.0552102,city
Jamnagar City C Div,"Khodiyar Colony, Jamnagar - 361006",0288-2550805,police,Jamnagar,22.48123,70.043095,22.4732415,70.0552102,city
Panch A PS,"Air Force Road, Jamnagar - 361004",0288-2570400,police,Jamnagar,22.480701,70.065668,22.4732415,70.0552102,city
Panch B PS,"Main Road, Dared, Jamnagar - 361004",0288-2730151,police,Jamnagar,22.455162,70.047161,22.4732415,70.0552102,city
Sikka PS,"Opp Ayurvedic Hospital, Sikka, Jamnagar - 361140",0288-2344249,police,Jamnagar,22.467789,70.061848,22.4732415,70.0552102,city
Lalpur PS,"Lalpur Town, Jamnagar - 361170",02895-272236,police,Jamnagar,22.473743,70.07033,22.4732415,70.0552102,city
Meghpar PS,"State Highway 6, Jhakhar, Jamnagar - 361010",0288-2846125,police,Jamnagar,22.470887,70.048091,22.4732415,70.0552102,city
Dhrol PS,"Dhrol Town, Jamnagar - 361210",02897-222033,police,Jamnagar,22.45387,70.058976,22.4732415,70.0552102,city
Jodia PS,"Jodia Town, Jamnagar - 361250",02893-222033,police,Jamnagar,22.464546,70.052799,22.4732415,70.0552102,city
Kalavad Town PS,"Kalavad Town, Jamnagar - 361160",02894-222033,police,Jamnagar,22.472344,70.03809,22.4732415,70.0552102,city
Kalavad Rural PS,"Rural Division Office, Kalavad, Jamnagar - 361160",02894-222033,police,Jamnagar,22.460788,70.052358,22.4732415,70.0552102,city
Jamjodhpur PS,"Near Sardar Patel School, Jamjodhpur, Jamnagar - 360530",02898-220069,police,Jamnagar,22.474157,70.062257,22.4732415,70.0552102,city
Bhanvad PS,"Bhanvad Town, Devbhumi Dwarka - 360510",02896-232121,police,Devbhumi Dwarka,22.245312,68.960315,22.2473679,68.9682073,city
Khambhaliya PS,"Shakti Nagar, Khambhaliya, Devbhumi Dwarka - 361305",02833-234735,police,Devbhumi Dwarka,22.259255,68.96274,22.2473679,68.9682073,city
Dwarka PS,"Near Station Chowk, Dwarka, Devbhumi Dwarka - 361335",02829-2234523,police,Devbhumi Dwarka,22.235083,68.96284,22.2473679,68.9682073,city
Okha Marine PS,"Jetty Road, Okha, Devbhumi Dwarka - 361350",02892-262396,police,Devbhumi Dwarka,22.249389,68.979786,22.2473679,68.9682073,city
Mithapur PS,"Mithapur Township, Devbhumi Dwarka - 361345",02892-226038,police,Devbhumi Dwarka,22.258496,68.970431,22.2473679,68.9682073,city
Kalyanpur PS,"Kalyanpur, Devbhumi Dwarka - 361320",02891-286222,police,Devbhumi Dwarka,22.244826,68.962388,22.2473679,68.9682073,city
Salaya Marin PS,"Salaya Port, Devbhumi Dwarka - 361310",02833-285338,police,Devbhumi Dwarka,22.253648,68.968801,22.2473679,68.9682073,city
Vadinar Marin PS,"Vadinar Terminal, Devbhumi Dwarka - 361010",02833-256541,police,Devbhumi Dwarka,22.255035,68.965552,22.2473679,68.9682073,city
Bedi Marine PS,"Bedi Port Area, Jamnagar - 361009",0288-2550100,police,Jamnagar,22.46615,70.055272,22.4732415,70.0552102,city
Bet Dwarka PS,"Bet Dwarka Island, Devbhumi Dwarka - 361345",02892-223300,police,Devbhumi Dwarka,22.256006,68.960319,22.2473679,68.9682073,city
Patan City A-Div PS,"Near New Mamlatdar Office, Patan - 384265",02766-230599,police,Patan,23.787411,71.669566,23.773753,71.6798581,city
Patan City B-Div PS,"Near Siddhpur Char Rasta, Patan - 384265",02766-220800,police,Patan,23.778276,71.684031,23.773753,71.6798581,city
Patan Taluka PS,"Golapur, Ta & Dist Patan - 384265",02766-230699,police,Patan,20.926354,70.360893,20.9072148,70.3657008,city
Balisana PS,"Balisana Village, Patan - 384110",02766-285536,police,Patan,23.775199,71.667728,23.773753,71.6798581,city
Sidhpur PS,"Behind New Court, Sidhpur, Patan - 384151",02767-220057,police,Patan,23.765679,71.696412,23.773753,71.6798581,city
Vagdod PS,"Near Mazid, Vagdod, Saraswati, Patan - 384285",02766-261254,police,Patan,23.790195,71.687842,23.773753,71.6798581,city
Kakoshi PS,"Near Sagar Hotel, Kakoshi, Sidhpur, Patan - 384190",02767-287435,police,Patan,23.766522,71.687425,23.773753,71.6798581,city
Chanasma PS,"Gauravpat Road, Near Bus Station, Chanasma, Patan - 384220",02734-222019,police,Patan,23.790975,71.683237,23.773753,71.6798581,city
Harij PS,"Near Mamlatdar Office, Harij, Patan - 384240",02733-223840,police,Patan,23.777521,71.694119,23.773753,71.6798581,city
Sami PS,"Shankheswar Road, Sami, Patan - 384245",02733-244323,police,Patan,23.766204,71.671706,23.773753,71.6798581,city
Shankheshwar PS,"Near Mamlatdar Office, Shankheshwar, Patan - 384246",02733-295369,police,Patan,23.755142,71.686669,23.773753,71.6798581,city
Radhanpur PS,"New Court Building, Radhanpur, Patan - 385340",02746-277222,police,Patan,23.772897,71.688433,23.773753,71.6798581,city
Varahi PS,"Behind Varahi Taluka Panchayat, Santalpur, Patan - 385360",02738-224123,police,Patan,23.783421,71.665362,23.773753,71.6798581,city
Santalpur PS,"Behind Sarkari Hospital, Santalpur, Patan - 385350",02738-222233,police,Patan,23.763466,71.681783,23.773753,71.6798581,city
Patan Mahila PS,"SP Office Compound, Patan - 384265",02766-220030,police,Patan,23.78515,71.694928,23.773753,71.6798581,city
Bajana PS,"Bajana Village, Surendranagar - 382760",0257-292400,police,Surendranagar,22.820786,71.611195,22.8251395,71.6209736,city
Chotila PS,"NH-47, Chotila, Surendranagar - 363520",02751-280323,police,Surendranagar,22.83306,71.623794,22.8251395,71.6209736,city
Chuda PS,"Chuda Town, Surendranagar - 363410",02753-233340,police,Surendranagar,22.817728,71.61605,22.8251395,71.6209736,city
Dasada PS,"Dasada Town, Surendranagar - 382750",02757-280233,police,Surendranagar,22.820106,71.613704,22.8251395,71.6209736,city
Dhrangadhra City PS,"City Center, Dhrangadhra, Surendranagar - 363310",02754-280750,police,Surendranagar,22.820573,71.603188,22.8251395,71.6209736,city
Dhrangadhra Taluka PS,"Taluka Office Area, Dhrangadhra, Surendranagar - 363310",02754-282652,police,Surendranagar,22.841693,71.61329,22.8251395,71.6209736,city
Jorawar Nagar PS,"Jorawarnagar, Surendranagar - 363020",02752-235106,police,Surendranagar,22.836695,71.628768,22.8251395,71.6209736,city
Lakhtar PS,"Lakhtar Town, Surendranagar - 382775",02759-223233,police,Surendranagar,22.813398,71.622959,22.8251395,71.6209736,city
Limbdi PS,"Limbdi Highway, Surendranagar - 363421",02753-260028,police,Surendranagar,22.813367,71.631279,22.8251395,71.6209736,city
Muli PS,"Muli Town, Surendranagar - 363510",02756-233333,police,Surendranagar,22.8426,71.619691,22.8251395,71.6209736,city
Panshina PS,"Main Road, Panshina, Surendranagar - 363423",02753-256528,police,Surendranagar,22.830236,71.635053,22.8251395,71.6209736,city
Patdi PS,"Patdi Town, Surendranagar - 382765",02757-227400,police,Surendranagar,22.8261,71.611677,22.8251395,71.6209736,city
Sayla PS,"Sayla Town, Surendranagar - 363430",02755-280720,police,Surendranagar,22.817886,71.63364,22.8251395,71.6209736,city
Surendranagar City A,"Station Road, Surendranagar - 363002",02752-243300,police,Surendranagar,22.833119,71.614939,22.8251395,71.6209736,city
Surendranagar City B,"Main Bazar, Surendranagar - 363001",02752-242917,police,Surendranagar,22.834495,71.618077,22.8251395,71.6209736,city
Surendranagar Women,"SP Office Campus, Surendranagar - 363001",02752-283301,police,Surendranagar,22.825356,71.610636,22.8251395,71.6209736,city
Thangadh PS,"Thangadh Town, Surendranagar - 363530",02751-220267,police,Surendranagar,22.817227,71.616406,22.8251395,71.6209736,city
Wadhwan PS,"Wadhwan City, Surendranagar - 363030",02752-243917,police,Surendranagar,22.827311,71.627578,22.8251395,71.6209736,city
Zinzuwada PS,"Zinzuwada Village, Surendranagar - 382755",02757-282333,police,Surendranagar,22.815659,71.612876,22.8251395,71.6209736,city
Mahesana City A Div,"Near Nagarpalika office, Mehsana - 384001",02762-236474,police,Mehsana,23.61126,72.375789,23.6012628,72.3741516,city
Mahesana City B Div,"Umiya Shopping Center, Highway Road, Mehsana - 384001",02762-245333,police,Mehsana,23.60871,72.379444,23.6012628,72.3741516,city
Mahesana Taluka PS,"Azad Chok, Mehsana - 384001",02762-253452,police,Mehsana,23.594828,72.365423,23.6012628,72.3741516,city
Santhal PS,"Near CHC center, Santhal, Mehsana - 384420",02762-265356,police,Mehsana,23.596357,72.364137,23.6012628,72.3741516,city
Langhnaj PS,"Saladi Road, Langhnaj, Mehsana - 382730",02762-287337,police,Mehsana,23.591449,72.373757,23.6012628,72.3741516,city
Becharaji PS,"Near Bahuchar Mataji Temple, Becharaji, Mehsana - 384210",02734-286406,police,Mehsana,23.610721,72.384917,23.6012628,72.3741516,city
Modhera PS,"Near SBI Bank, Main Bazar Modhera, Mehsana - 384212",02734-284323,police,Mehsana,23.600617,72.381116,23.6012628,72.3741516,city
Nandasan PS,"Near Nandasan Chokdi, Nandasan, Mehsana - 382705",02764-273261,police,Mehsana,23.61191,72.370107,23.6012628,72.3741516,city
Kadi PS,"Sardarbag, Near Bus Station, Kadi, Mehsana - 382715",02764-242690,police,Mehsana,23.612547,72.386684,23.6012628,72.3741516,city
Bavalu PS,"Opp. Water Tank, Bavlu, Kadi, Mehsana - 382165",02764-266009,police,Mehsana,23.611415,72.372598,23.6012628,72.3741516,city
Visnagar City PS,"Main Bazar Road, Tower road, Visnagar, Mehsana - 384315",02765-231300,police,Mehsana,23.587217,72.364642,23.6012628,72.3741516,city
Visnagar Taluka PS,"Darbar Road, Near Dena Bank, Visnagar, Mehsana - 384315",02765-231100,police,Mehsana,23.613088,72.379817,23.6012628,72.3741516,city
Vadnagar PS,"Bus Station Road, Near BSNL, Vadnagar, Mehsana - 384355",02761-222033,police,Mehsana,23.607096,72.365665,23.6012628,72.3741516,city
Kheralu PS,"Zuma Masjid Road, Kheralu, Mehsana - 384325",02761-230078,police,Mehsana,23.599506,72.38867,23.6012628,72.3741516,city
Satlasana PS,"Near Bus Station, Satlasana, Mehsana - 384330",02761-253341,police,Mehsana,23.615544,72.387423,23.6012628,72.3741516,city
Unjha PS,"Kamali Road, Laskar Savani, Unjha, Mehsana - 384170",02767-247871,police,Mehsana,23.600142,72.359585,23.6012628,72.3741516,city
Unava PS,"State New Alfa Hotel, Unava, Mehsana - 384160",02767-253900,police,Mehsana,23.590762,72.390445,23.6012628,72.3741516,city
Vasai PS,"Visnagar Gozariya Road, Vasai, Mehsana - 382870",02763-245732,police,Mehsana,23.60847,72.376507,23.6012628,72.3741516,city
Vijapur PS,"Near Ambaji Temple, Ladol Road, Vijapur, Mehsana - 382870",02763-220016,police,Mehsana,23.617042,72.37462,23.6012628,72.3741516,city
Ladol PS,"Near Devada Vas, Ladol, Mehsana - 382840",02763-236013,police,Mehsana,23.599369,72.384174,23.6012628,72.3741516,city
Bilimora PS,"Bangiya Faliya, Gandevi, Navsari - 396321",02634-285333,police,Navsari,20.957439,72.924574,20.952407,72.9323831,city
Chikhli PS,"Near Cricket Ground, Chikhli, Navsari - 396521",02634-232708,police,Navsari,20.95126,72.941334,20.952407,72.9323831,city
Dholai Marin PS,"Dholai Bander, Gandevi, Navsari - 396110",02634-257666,police,Navsari,20.940694,72.927531,20.952407,72.9323831,city
Gandevi PS,"Near Sugar Factory, Gandevi, Navsari - 396360",02634-262233,police,Navsari,20.945193,72.933759,20.952407,72.9323831,city
Jalalpore PS,"Zanda Chowk, Jalalpore, Navsari - 396421",02637-287333,police,Navsari,20.947778,72.938945,20.952407,72.9323831,city
Khergam PS,"Near College, Khergam, Navsari - 396040",02634-220633,police,Navsari,20.946835,72.917076,20.952407,72.9323831,city
Navsari Mahila PS,"2nd floor Navsari Town PS, Navsari - 396445",02637-280305,police,Navsari,20.944481,72.949457,20.952407,72.9323831,city
Maroli PS,"Maroli Bazar, Jalalpore, Navsari - 396435",02637-272050,police,Navsari,20.939704,72.927481,20.952407,72.9323831,city
Navsari Rural PS,"Dasera Tekri Near Saraswati Temple, Navsari - 396444",02637-242410,police,Navsari,20.935453,72.930481,20.952407,72.9323831,city
Anand Town PS,"Station Road, Opp Amri Hospital, Ganesh Chowkdi, Anand - 388001",02692-241233,police,Anand,22.464423,72.75096,22.4739858,72.7361779,city
Vallabh Vidyanagar PS,"Main Road, Beside Bhaikaka Statue, V V Nagar, Anand - 388120",02692-230100,police,Anand,22.473546,72.71939,22.4739858,72.7361779,city
Anand Rural PS,"Ganesh Crossing, Anand - 388001",02692-252450,police,Anand,22.45611,72.729848,22.4739858,72.7361779,city
Borsad Town PS,"Vasad Chokdi, Raja Mohalla, Borsad, Anand - 388540",02696-220100,police,Anand,22.455487,72.738482,22.4739858,72.7361779,city
Nadiad Town PS,"Paras Circle, Station Road, Nadiad, Kheda - 387001",0268-2550100,police,Kheda,22.844525,72.987907,22.8532503,72.9953586,city
Nadiad Rural PS,"Dabhan Road, Nadiad, Kheda - 387001",0268-2561100,police,Kheda,22.837157,72.998138,22.8532503,72.9953586,city
Godhra Town A PS,"Near Sub Jail, Godhra, Panchmahal - 389001",02672-243146,police,Panchmahal,22.69709,73.609506,22.6978099,73.5980682,city
Godhra Town B PS,"Behind Main Post Office, Godhra, Panchmahal - 389001",02672-243147,police,Panchmahal,22.705415,73.581833,22.6978099,73.5980682,city
Godhra Taluka PS,"Opp. Bus Stand, Taluka Godhra, Panchmahal - 389001",02672-243166,police,Panchmahal,22.697479,73.608599,22.6978099,73.5980682,city
Morva Hadaf PS,"Taluka Morva Hadaf, Panchmahal - 389115",02672-284233,police,Panchmahal,22.69105,73.606973,22.6978099,73.5980682,city
Sahera PS,"Taluka Sahera, Panchmahal - 389210",02670-226233,police,Panchmahal,22.716271,73.599489,22.6978099,73.5980682,city
Kakanpur PS,"Kakanpur, Taluka Godhra, Panchmahal - 388713",02672-286108,police,Panchmahal,22.69118,73.595978,22.6978099,73.5980682,city
Halol Town PS,"Halol City, Panchmahal - 389350",02676-220100,police,Panchmahal,22.694477,73.592565,22.6978099,73.5980682,city
Halol Rural PS,"Pawagadh Road, Taluka Halol, Panchmahal - 389350",02676-224100,police,Panchmahal,22.691285,73.602603,22.6978099,73.5980682,city
Rajgadh PS,"Taluka Ghoghamba, Panchmahal - 389365",02678-244633,police,Panchmahal,22.686816,73.607326,22.6978099,73.5980682,city
Jambughoda PS,"Taluka Jambughoda, Panchmahal - 389390",02676-241233,police,Panchmahal,22.687527,73.587749,22.6978099,73.5980682,city
Pavagadh PS,"Machi, Pavagadh, Taluka Halol, Panchmahal - 389360",02676-245633,police,Panchmahal,22.706241,73.590662,22.6978099,73.5980682,city
Vejalpur PS (Panchmahal),"Taluka Kaalol, Panchmahal - 389340",02676-234633,police,Panchmahal,22.681314,73.59507,22.6978099,73.5980682,city
Kaalol PS,"Taluka Kaalol, Panchmahal - 389330",02676-235100,police,Panchmahal,22.6891,73.599588,22.6978099,73.5980682,city
Veraval City PS,"Veraval City, Gir Somnath - 362265",02877-242040,police,Gir Somnath,20.921681,70.770867,20.9298181,70.7627578,city
Prabhas Patan PS,"Prabhas Patan, Gir Somnath - 362268",02877-231631,police,Gir Somnath,20.935675,70.760162,20.9298181,70.7627578,city
Kodinar PS,"Kodinar Town, Gir Somnath - 362725",02795-221505,police,Gir Somnath,20.93234,70.769879,20.9298181,70.7627578,city
Una PS,"Una Town, Gir Somnath - 362560",02875-223394,police,Gir Somnath,20.92071,70.766163,20.9298181,70.7627578,city
Somnath Marine PS,"Somnath Coastal Area, Gir Somnath - 362268",02877-232101,police,Gir Somnath,20.941481,70.773787,20.9298181,70.7627578,city
Navabandar Marine PS,"Navabandar, Gir Somnath - 362530",6359625992,police,Gir Somnath,20.920858,70.770601,20.9298181,70.7627578,city
Talala PS,"Talala Town, Gir Somnath - 362150",02877-222233,police,Gir Somnath,20.945662,70.761288,20.9298181,70.7627578,city
Gir Gadhada PS,"Gir Gadhada, Gir Somnath - 362530",6359625003,police,Gir Somnath,20.93626,70.767737,20.9298181,70.7627578,city
Sutrapada PS,"Sutrapada Town, Gir Somnath - 362275",02877-263337,police,Gir Somnath,20.934567,70.769199,20.9298181,70.7627578,city
Bhavnath PS,"Bhavnath Taleti, Junagadh - 362004",0285-2651000,police,Junagadh,21.526596,70.44741,21.5220416,70.4582458,city
Bilkha PS,"Bilkha Town, Junagadh - 362110",0285-2683000,police,Junagadh,21.530291,70.460689,21.5220416,70.4582458,city
Bhesan PS,"Bhesan Town, Junagadh - 362020",02873-222033,police,Junagadh,21.520497,70.448915,21.5220416,70.4582458,city
Bantva PS,"Bantwa Town, Junagadh - 362620",02874-241033,police,Junagadh,21.527591,70.454199,21.5220416,70.4582458,city
Manavadar PS,"Manavadar Town, Junagadh - 362630",02874-221033,police,Junagadh,21.522993,70.46485,21.5220416,70.4582458,city
Keshod PS,"Pipaliya Nagar, Keshod Chowk, Junagadh - 362220",02871-231033,police,Junagadh,21.510971,70.460802,21.5220416,70.4582458,city
Ambaji PS,"Abu Ambaji Highway, Near Petrol Pump, Banaskantha - 385110",02749-262136,police,Banaskantha,24.277432,72.534968,24.2693869,72.5367513,city
Amirgadh PS,"Main Road, Shri Amirgadh, Banaskantha - 385130",02742-252600,police,Banaskantha,24.283152,72.530965,24.2693869,72.5367513,city
Bhabhar PS,"Bhabhar Town, Banaskantha - 385320",02735-222052,police,Banaskantha,24.276844,72.532515,24.2693869,72.5367513,city
Bhiladi PS,"Bhiladi Town, Banaskantha - 385530",02744-233033,police,Banaskantha,24.256338,72.54229,24.2693869,72.5367513,city
Agthala PS,"Agthala Village, Banaskantha - 385535",02744-245033,police,Banaskantha,24.254985,72.53829,24.2693869,72.5367513,city
Ahmedabad Railway PS,"Platform Number 1, Kalupur, Ahmedabad - 380001",079-22122870,railway_police,Ahmedabad,23.028881,72.578616,23.0215374,72.5800568,city
Viramgam Railway PS,"Main Road, Dolatpura, Viramgam - 382150",02715-233000,railway_police,Ahmedabad,23.106093,72.041518,23.1224522,72.0483946,city
Mehsana Railway PS,"Main Road, Nagalpur, Mehsana - 384001",02762-222000,railway_police,Mehsana,23.603655,72.38035,23.6012628,72.3741516,city
Sayaji Ganj Railway PS,"Behind Platform No 6, Vadodara - 390020",0265-2361000,railway_police,Vadodara,22.30713,73.186079,22.2973142,73.1942567,city
Bhavnagar Railway PS,"Platform No. 1, Kalanala, Bhavnagar - 364001",0278-2422000,railway_police,Bhavnagar,21.784445,72.131142,21.7718836,72.1416449,city
Bharuch Railway PS,"Near Highway, Panch Batti, Bharuch - 392001",02642-242000,railway_police,Bharuch,21.723942,72.996833,21.7080427,72.9956936,city
Surat Railway PS,"Opposite Central Bus Depot, Delhi Gate, Surat - 395003",0261-2422966,railway_police,Surat,21.205127,72.839876,21.2094892,72.8317058,city
